{
    "base": {
      "pos": [
        -113.6,
        1500,
        -37.7
      ],
      "rot": [
        -1.5707963267948966,
        0,
        0
      ],
      "orbitcontrols": true
    },
    "Gräberfeld": {
      "pos": [
        -238,
        755,
        694
      ],
      "rot": [
        -0.9007644269542735,
        0.0017453292519943296,
        0.0020943951023931952
      ],
      "orbitcontrols": true
    },
    "Test": {
      "pos": [
        -288,
        879,
        -493
      ],
      "rot": [
        -2.705260340591211,
        0.005235987755982988,
        3.141592653589793
      ],
      "orbitcontrols": true
    }
  }